2025-04-24T15:27:18.211Z,So11111111111111111111111111111111111111112,EPjFWdd5AufqSSqeM2qN1xzybapC8G4wEGGkZwyTDt1v,2000000000,300681950,0.000000,Step 1/3 in chain
2025-04-24T15:27:18.303Z,EPjFWdd5AufqSSqeM2qN1xzybapC8G4wEGGkZwyTDt1v,JUPyiwrYJFskUPiHa7hkeR8VUtAeFoSYbKedZNsDvCN,300681950,662721744,0.000000,Step 2/3 in chain
2025-04-24T15:27:18.385Z,JUPyiwrYJFskUPiHa7hkeR8VUtAeFoSYbKedZNsDvCN,So11111111111111111111111111111111111111112,662721744,1998948616,0.000000,Step 3/3 in chain
2025-04-24T15:27:18.487Z,So11111111111111111111111111111111111111112,Es9vMFrzaCERmJfrF4H2FYD4KCoNkY11McCe8BenwNYB,2000000000,300604036,0.000000,Step 1/3 in chain
2025-04-24T15:27:18.578Z,Es9vMFrzaCERmJfrF4H2FYD4KCoNkY11McCe8BenwNYB,JUPyiwrYJFskUPiHa7hkeR8VUtAeFoSYbKedZNsDvCN,300604036,662730000,0.000000,Step 2/3 in chain
2025-04-24T15:27:18.680Z,JUPyiwrYJFskUPiHa7hkeR8VUtAeFoSYbKedZNsDvCN,So11111111111111111111111111111111111111112,662730000,1999385534,0.000000,Step 3/3 in chain
2025-04-24T15:27:18.759Z,So11111111111111111111111111111111111111112,EPjFWdd5AufqSSqeM2qN1xzybapC8G4wEGGkZwyTDt1v,2000000000,300681950,0.000000,Step 1/3 in chain
2025-04-24T15:27:18.845Z,EPjFWdd5AufqSSqeM2qN1xzybapC8G4wEGGkZwyTDt1v,mSoLzYCxHdYgdzU16g5QSh3i5K3z3KZK7ytfqcJm7So,300681950,1554619493,0.000000,Step 2/3 in chain
2025-04-24T15:27:18.930Z,mSoLzYCxHdYgdzU16g5QSh3i5K3z3KZK7ytfqcJm7So,So11111111111111111111111111111111111111112,1554619493,1999850505,0.000000,Step 3/3 in chain
2025-04-24T15:27:33.758Z,So11111111111111111111111111111111111111112,EPjFWdd5AufqSSqeM2qN1xzybapC8G4wEGGkZwyTDt1v,2000000000,300557122,0.000000,Step 1/3 in chain
2025-04-24T15:27:33.910Z,EPjFWdd5AufqSSqeM2qN1xzybapC8G4wEGGkZwyTDt1v,JUPyiwrYJFskUPiHa7hkeR8VUtAeFoSYbKedZNsDvCN,300557122,663040000,0.000000,Step 2/3 in chain
2025-04-24T15:27:34.064Z,JUPyiwrYJFskUPiHa7hkeR8VUtAeFoSYbKedZNsDvCN,So11111111111111111111111111111111111111112,663040000,1999756438,0.000000,Step 3/3 in chain
2025-04-24T15:27:34.215Z,So11111111111111111111111111111111111111112,Es9vMFrzaCERmJfrF4H2FYD4KCoNkY11McCe8BenwNYB,2000000000,300451629,0.000000,Step 1/3 in chain
2025-04-24T15:27:34.369Z,Es9vMFrzaCERmJfrF4H2FYD4KCoNkY11McCe8BenwNYB,JUPyiwrYJFskUPiHa7hkeR8VUtAeFoSYbKedZNsDvCN,300451629,662960000,0.000000,Step 2/3 in chain
2025-04-24T15:27:34.525Z,JUPyiwrYJFskUPiHa7hkeR8VUtAeFoSYbKedZNsDvCN,So11111111111111111111111111111111111111112,662960000,1999515154,0.000000,Step 3/3 in chain
2025-04-24T15:27:34.674Z,So11111111111111111111111111111111111111112,EPjFWdd5AufqSSqeM2qN1xzybapC8G4wEGGkZwyTDt1v,2000000000,300525228,0.000000,Step 1/3 in chain
2025-04-24T15:27:34.831Z,EPjFWdd5AufqSSqeM2qN1xzybapC8G4wEGGkZwyTDt1v,mSoLzYCxHdYgdzU16g5QSh3i5K3z3KZK7ytfqcJm7So,300525228,1554489076,0.000000,Step 2/3 in chain
2025-04-24T15:27:34.982Z,mSoLzYCxHdYgdzU16g5QSh3i5K3z3KZK7ytfqcJm7So,So11111111111111111111111111111111111111112,1554489076,1999682738,0.000000,Step 3/3 in chain
2025-04-24T15:27:39.108Z,So11111111111111111111111111111111111111112,EPjFWdd5AufqSSqeM2qN1xzybapC8G4wEGGkZwyTDt1v,2000000000,300593505,0.000000,Step 1/3 in chain
2025-04-24T15:27:39.268Z,EPjFWdd5AufqSSqeM2qN1xzybapC8G4wEGGkZwyTDt1v,JUPyiwrYJFskUPiHa7hkeR8VUtAeFoSYbKedZNsDvCN,300593505,662680000,0.000000,Step 2/3 in chain
2025-04-24T15:27:39.429Z,JUPyiwrYJFskUPiHa7hkeR8VUtAeFoSYbKedZNsDvCN,So11111111111111111111111111111111111111112,662680000,1999012179,0.000000,Step 3/3 in chain
2025-04-24T15:27:39.590Z,So11111111111111111111111111111111111111112,Es9vMFrzaCERmJfrF4H2FYD4KCoNkY11McCe8BenwNYB,2000000000,300518850,0.000000,Step 1/3 in chain
2025-04-24T15:27:39.752Z,Es9vMFrzaCERmJfrF4H2FYD4KCoNkY11McCe8BenwNYB,JUPyiwrYJFskUPiHa7hkeR8VUtAeFoSYbKedZNsDvCN,300518850,662680000,0.000000,Step 2/3 in chain
2025-04-24T15:27:39.914Z,JUPyiwrYJFskUPiHa7hkeR8VUtAeFoSYbKedZNsDvCN,So11111111111111111111111111111111111111112,662680000,1999097202,0.000000,Step 3/3 in chain
2025-04-24T15:27:40.071Z,So11111111111111111111111111111111111111112,EPjFWdd5AufqSSqeM2qN1xzybapC8G4wEGGkZwyTDt1v,2000000000,300756461,0.000000,Step 1/3 in chain
2025-04-24T15:27:40.234Z,EPjFWdd5AufqSSqeM2qN1xzybapC8G4wEGGkZwyTDt1v,mSoLzYCxHdYgdzU16g5QSh3i5K3z3KZK7ytfqcJm7So,300756461,1554667742,0.000000,Step 2/3 in chain
2025-04-24T15:27:40.395Z,mSoLzYCxHdYgdzU16g5QSh3i5K3z3KZK7ytfqcJm7So,So11111111111111111111111111111111111111112,1554667742,1999912572,0.000000,Step 3/3 in chain
2025-04-24T15:27:43.218Z,So11111111111111111111111111111111111111112,EPjFWdd5AufqSSqeM2qN1xzybapC8G4wEGGkZwyTDt1v,2000000000,300802452,0.000000,Step 1/3 in chain
2025-04-24T15:27:43.372Z,EPjFWdd5AufqSSqeM2qN1xzybapC8G4wEGGkZwyTDt1v,JUPyiwrYJFskUPiHa7hkeR8VUtAeFoSYbKedZNsDvCN,300802452,662990000,0.000000,Step 2/3 in chain
2025-04-24T15:27:43.526Z,JUPyiwrYJFskUPiHa7hkeR8VUtAeFoSYbKedZNsDvCN,So11111111111111111111111111111111111111112,662990000,1999446774,0.000000,Step 3/3 in chain
2025-04-24T15:27:43.676Z,So11111111111111111111111111111111111111112,Es9vMFrzaCERmJfrF4H2FYD4KCoNkY11McCe8BenwNYB,2000000000,300731303,0.000000,Step 1/3 in chain
2025-04-24T15:27:43.830Z,Es9vMFrzaCERmJfrF4H2FYD4KCoNkY11McCe8BenwNYB,JUPyiwrYJFskUPiHa7hkeR8VUtAeFoSYbKedZNsDvCN,300731303,662990000,0.000000,Step 2/3 in chain
2025-04-24T15:27:43.982Z,JUPyiwrYJFskUPiHa7hkeR8VUtAeFoSYbKedZNsDvCN,So11111111111111111111111111111111111111112,662990000,1999446774,0.000000,Step 3/3 in chain
2025-04-24T15:27:44.133Z,So11111111111111111111111111111111111111112,EPjFWdd5AufqSSqeM2qN1xzybapC8G4wEGGkZwyTDt1v,2000000000,300802452,0.000000,Step 1/3 in chain
2025-04-24T15:27:44.289Z,EPjFWdd5AufqSSqeM2qN1xzybapC8G4wEGGkZwyTDt1v,mSoLzYCxHdYgdzU16g5QSh3i5K3z3KZK7ytfqcJm7So,300802452,1554531988,0.000000,Step 2/3 in chain
2025-04-24T15:27:44.444Z,mSoLzYCxHdYgdzU16g5QSh3i5K3z3KZK7ytfqcJm7So,So11111111111111111111111111111111111111112,1554531988,1999737939,0.000000,Step 3/3 in chain
2025-04-24T15:27:47.190Z,So11111111111111111111111111111111111111112,EPjFWdd5AufqSSqeM2qN1xzybapC8G4wEGGkZwyTDt1v,2000000000,300800099,0.000000,Step 1/3 in chain
2025-04-24T15:27:47.341Z,EPjFWdd5AufqSSqeM2qN1xzybapC8G4wEGGkZwyTDt1v,JUPyiwrYJFskUPiHa7hkeR8VUtAeFoSYbKedZNsDvCN,300800099,662990000,0.000000,Step 2/3 in chain
2025-04-24T15:27:47.518Z,JUPyiwrYJFskUPiHa7hkeR8VUtAeFoSYbKedZNsDvCN,So11111111111111111111111111111111111111112,662990000,1999542471,0.000000,Step 3/3 in chain
2025-04-24T15:27:47.696Z,So11111111111111111111111111111111111111112,Es9vMFrzaCERmJfrF4H2FYD4KCoNkY11McCe8BenwNYB,2000000000,300731289,0.000000,Step 1/3 in chain
2025-04-24T15:27:47.867Z,Es9vMFrzaCERmJfrF4H2FYD4KCoNkY11McCe8BenwNYB,JUPyiwrYJFskUPiHa7hkeR8VUtAeFoSYbKedZNsDvCN,300731289,662990000,0.000000,Step 2/3 in chain
2025-04-24T15:27:48.020Z,JUPyiwrYJFskUPiHa7hkeR8VUtAeFoSYbKedZNsDvCN,So11111111111111111111111111111111111111112,662990000,1999541592,0.000000,Step 3/3 in chain
2025-04-24T15:27:48.167Z,So11111111111111111111111111111111111111112,EPjFWdd5AufqSSqeM2qN1xzybapC8G4wEGGkZwyTDt1v,2000000000,300800113,0.000000,Step 1/3 in chain
2025-04-24T15:27:48.539Z,EPjFWdd5AufqSSqeM2qN1xzybapC8G4wEGGkZwyTDt1v,mSoLzYCxHdYgdzU16g5QSh3i5K3z3KZK7ytfqcJm7So,300800113,1554488997,0.000000,Step 2/3 in chain
2025-04-24T15:27:48.693Z,mSoLzYCxHdYgdzU16g5QSh3i5K3z3KZK7ytfqcJm7So,So11111111111111111111111111111111111111112,1554488997,1999732271,0.000000,Step 3/3 in chain
2025-04-24T15:27:52.512Z,So11111111111111111111111111111111111111112,EPjFWdd5AufqSSqeM2qN1xzybapC8G4wEGGkZwyTDt1v,2000000000,300747168,0.000000,Step 1/3 in chain
2025-04-24T15:27:52.719Z,EPjFWdd5AufqSSqeM2qN1xzybapC8G4wEGGkZwyTDt1v,JUPyiwrYJFskUPiHa7hkeR8VUtAeFoSYbKedZNsDvCN,300747168,662870000,0.000000,Step 2/3 in chain
2025-04-24T15:27:52.872Z,JUPyiwrYJFskUPiHa7hkeR8VUtAeFoSYbKedZNsDvCN,So11111111111111111111111111111111111111112,662870000,1999228380,0.000000,Step 3/3 in chain
2025-04-24T15:27:53.031Z,So11111111111111111111111111111111111111112,Es9vMFrzaCERmJfrF4H2FYD4KCoNkY11McCe8BenwNYB,2000000000,300671054,0.000000,Step 1/3 in chain
2025-04-24T15:27:53.182Z,Es9vMFrzaCERmJfrF4H2FYD4KCoNkY11McCe8BenwNYB,JUPyiwrYJFskUPiHa7hkeR8VUtAeFoSYbKedZNsDvCN,300671054,662870000,0.000000,Step 2/3 in chain
2025-04-24T15:27:53.630Z,JUPyiwrYJFskUPiHa7hkeR8VUtAeFoSYbKedZNsDvCN,So11111111111111111111111111111111111111112,662870000,1999465264,0.000000,Step 3/3 in chain
2025-04-24T15:27:53.776Z,So11111111111111111111111111111111111111112,EPjFWdd5AufqSSqeM2qN1xzybapC8G4wEGGkZwyTDt1v,2000000000,300742284,0.000000,Step 1/3 in chain
2025-04-24T15:27:53.943Z,EPjFWdd5AufqSSqeM2qN1xzybapC8G4wEGGkZwyTDt1v,mSoLzYCxHdYgdzU16g5QSh3i5K3z3KZK7ytfqcJm7So,300742284,1554614021,0.000000,Step 2/3 in chain
2025-04-24T15:27:54.113Z,mSoLzYCxHdYgdzU16g5QSh3i5K3z3KZK7ytfqcJm7So,So11111111111111111111111111111111111111112,1554614021,1999893099,0.000000,Step 3/3 in chain
2025-04-24T15:27:57.195Z,So11111111111111111111111111111111111111112,EPjFWdd5AufqSSqeM2qN1xzybapC8G4wEGGkZwyTDt1v,2000000000,300611469,0.000000,Step 1/3 in chain
2025-04-24T15:27:57.280Z,EPjFWdd5AufqSSqeM2qN1xzybapC8G4wEGGkZwyTDt1v,JUPyiwrYJFskUPiHa7hkeR8VUtAeFoSYbKedZNsDvCN,300611469,662860000,0.000000,Step 2/3 in chain
2025-04-24T15:27:57.515Z,JUPyiwrYJFskUPiHa7hkeR8VUtAeFoSYbKedZNsDvCN,So11111111111111111111111111111111111111112,662860000,1999758923,0.000000,Step 3/3 in chain
2025-04-24T15:27:57.606Z,So11111111111111111111111111111111111111112,Es9vMFrzaCERmJfrF4H2FYD4KCoNkY11McCe8BenwNYB,2000000000,300533901,0.000000,Step 1/3 in chain
2025-04-24T15:27:57.687Z,Es9vMFrzaCERmJfrF4H2FYD4KCoNkY11McCe8BenwNYB,JUPyiwrYJFskUPiHa7hkeR8VUtAeFoSYbKedZNsDvCN,300533901,662860000,0.000000,Step 2/3 in chain
2025-04-24T15:27:57.834Z,JUPyiwrYJFskUPiHa7hkeR8VUtAeFoSYbKedZNsDvCN,So11111111111111111111111111111111111111112,662860000,1999410474,0.000000,Step 3/3 in chain
2025-04-24T15:27:57.913Z,So11111111111111111111111111111111111111112,EPjFWdd5AufqSSqeM2qN1xzybapC8G4wEGGkZwyTDt1v,2000000000,300611469,0.000000,Step 1/3 in chain
2025-04-24T15:27:58.022Z,EPjFWdd5AufqSSqeM2qN1xzybapC8G4wEGGkZwyTDt1v,mSoLzYCxHdYgdzU16g5QSh3i5K3z3KZK7ytfqcJm7So,300611469,1554522851,0.000000,Step 2/3 in chain
2025-04-24T15:27:58.122Z,mSoLzYCxHdYgdzU16g5QSh3i5K3z3KZK7ytfqcJm7So,So11111111111111111111111111111111111111112,1554522851,1999775819,0.000000,Step 3/3 in chain
2025-04-24T15:28:01.593Z,So11111111111111111111111111111111111111112,EPjFWdd5AufqSSqeM2qN1xzybapC8G4wEGGkZwyTDt1v,2000000000,300615552,0.000000,Step 1/3 in chain
2025-04-24T15:28:01.682Z,EPjFWdd5AufqSSqeM2qN1xzybapC8G4wEGGkZwyTDt1v,JUPyiwrYJFskUPiHa7hkeR8VUtAeFoSYbKedZNsDvCN,300615552,662870000,0.000000,Step 2/3 in chain
2025-04-24T15:28:01.775Z,JUPyiwrYJFskUPiHa7hkeR8VUtAeFoSYbKedZNsDvCN,So11111111111111111111111111111111111111112,662870000,1999623868,0.000000,Step 3/3 in chain
2025-04-24T15:28:01.872Z,So11111111111111111111111111111111111111112,Es9vMFrzaCERmJfrF4H2FYD4KCoNkY11McCe8BenwNYB,2000000000,300521066,0.000000,Step 1/3 in chain
2025-04-24T15:28:01.961Z,Es9vMFrzaCERmJfrF4H2FYD4KCoNkY11McCe8BenwNYB,JUPyiwrYJFskUPiHa7hkeR8VUtAeFoSYbKedZNsDvCN,300521066,662870000,0.000000,Step 2/3 in chain
2025-04-24T15:28:02.056Z,JUPyiwrYJFskUPiHa7hkeR8VUtAeFoSYbKedZNsDvCN,So11111111111111111111111111111111111111112,662870000,1999801566,0.000000,Step 3/3 in chain
2025-04-24T15:28:02.141Z,So11111111111111111111111111111111111111112,EPjFWdd5AufqSSqeM2qN1xzybapC8G4wEGGkZwyTDt1v,2000000000,300615552,0.000000,Step 1/3 in chain
2025-04-24T15:28:02.233Z,EPjFWdd5AufqSSqeM2qN1xzybapC8G4wEGGkZwyTDt1v,mSoLzYCxHdYgdzU16g5QSh3i5K3z3KZK7ytfqcJm7So,300615552,1554697915,0.000000,Step 2/3 in chain
2025-04-24T15:28:02.442Z,mSoLzYCxHdYgdzU16g5QSh3i5K3z3KZK7ytfqcJm7So,So11111111111111111111111111111111111111112,1554697915,2000001019,0.000000,Step 3/3 in chain
2025-04-24T15:28:05.094Z,So11111111111111111111111111111111111111112,EPjFWdd5AufqSSqeM2qN1xzybapC8G4wEGGkZwyTDt1v,2000000000,300491102,0.000000,Step 1/3 in chain
2025-04-24T15:28:05.249Z,EPjFWdd5AufqSSqeM2qN1xzybapC8G4wEGGkZwyTDt1v,JUPyiwrYJFskUPiHa7hkeR8VUtAeFoSYbKedZNsDvCN,300491102,663040000,0.000000,Step 2/3 in chain
2025-04-24T15:28:05.403Z,JUPyiwrYJFskUPiHa7hkeR8VUtAeFoSYbKedZNsDvCN,So11111111111111111111111111111111111111112,663040000,1999966666,0.000000,Step 3/3 in chain
2025-04-24T15:28:05.555Z,So11111111111111111111111111111111111111112,Es9vMFrzaCERmJfrF4H2FYD4KCoNkY11McCe8BenwNYB,2000000000,300411581,0.000000,Step 1/3 in chain
2025-04-24T15:28:05.717Z,Es9vMFrzaCERmJfrF4H2FYD4KCoNkY11McCe8BenwNYB,JUPyiwrYJFskUPiHa7hkeR8VUtAeFoSYbKedZNsDvCN,300411581,663060000,0.000000,Step 2/3 in chain
2025-04-24T15:28:05.869Z,JUPyiwrYJFskUPiHa7hkeR8VUtAeFoSYbKedZNsDvCN,So11111111111111111111111111111111111111112,663060000,1999825310,0.000000,Step 3/3 in chain
2025-04-24T15:28:06.022Z,So11111111111111111111111111111111111111112,EPjFWdd5AufqSSqeM2qN1xzybapC8G4wEGGkZwyTDt1v,2000000000,300554319,0.000000,Step 1/3 in chain
2025-04-24T15:28:06.178Z,EPjFWdd5AufqSSqeM2qN1xzybapC8G4wEGGkZwyTDt1v,mSoLzYCxHdYgdzU16g5QSh3i5K3z3KZK7ytfqcJm7So,300554319,1554892785,0.000000,Step 2/3 in chain
2025-04-24T15:28:06.332Z,mSoLzYCxHdYgdzU16g5QSh3i5K3z3KZK7ytfqcJm7So,So11111111111111111111111111111111111111112,1554892785,2000360996,0.000000,Step 3/3 in chain
2025-04-24T15:28:08.999Z,So11111111111111111111111111111111111111112,EPjFWdd5AufqSSqeM2qN1xzybapC8G4wEGGkZwyTDt1v,2000000000,300480000,0.000000,Step 1/3 in chain
2025-04-24T15:28:09.151Z,EPjFWdd5AufqSSqeM2qN1xzybapC8G4wEGGkZwyTDt1v,JUPyiwrYJFskUPiHa7hkeR8VUtAeFoSYbKedZNsDvCN,300480000,662973926,0.000000,Step 2/3 in chain
2025-04-24T15:28:09.312Z,JUPyiwrYJFskUPiHa7hkeR8VUtAeFoSYbKedZNsDvCN,So11111111111111111111111111111111111111112,662973926,1999878882,0.000000,Step 3/3 in chain
2025-04-24T15:28:09.774Z,So11111111111111111111111111111111111111112,Es9vMFrzaCERmJfrF4H2FYD4KCoNkY11McCe8BenwNYB,2000000000,300400147,0.000000,Step 1/3 in chain
2025-04-24T15:28:09.929Z,Es9vMFrzaCERmJfrF4H2FYD4KCoNkY11McCe8BenwNYB,JUPyiwrYJFskUPiHa7hkeR8VUtAeFoSYbKedZNsDvCN,300400147,662973926,0.000000,Step 2/3 in chain
2025-04-24T15:28:10.102Z,JUPyiwrYJFskUPiHa7hkeR8VUtAeFoSYbKedZNsDvCN,So11111111111111111111111111111111111111112,662973926,1999871833,0.000000,Step 3/3 in chain
2025-04-24T15:28:10.265Z,So11111111111111111111111111111111111111112,EPjFWdd5AufqSSqeM2qN1xzybapC8G4wEGGkZwyTDt1v,2000000000,300491102,0.000000,Step 1/3 in chain
2025-04-24T15:28:10.422Z,EPjFWdd5AufqSSqeM2qN1xzybapC8G4wEGGkZwyTDt1v,mSoLzYCxHdYgdzU16g5QSh3i5K3z3KZK7ytfqcJm7So,300491102,1554560133,0.000000,Step 2/3 in chain
2025-04-24T15:28:10.580Z,mSoLzYCxHdYgdzU16g5QSh3i5K3z3KZK7ytfqcJm7So,So11111111111111111111111111111111111111112,1554560133,1999847227,0.000000,Step 3/3 in chain
2025-04-24T15:28:13.204Z,So11111111111111111111111111111111111111112,EPjFWdd5AufqSSqeM2qN1xzybapC8G4wEGGkZwyTDt1v,2000000000,300354255,0.000000,Step 1/3 in chain
2025-04-24T15:28:13.356Z,EPjFWdd5AufqSSqeM2qN1xzybapC8G4wEGGkZwyTDt1v,JUPyiwrYJFskUPiHa7hkeR8VUtAeFoSYbKedZNsDvCN,300354255,663069827,0.000000,Step 2/3 in chain
2025-04-24T15:28:13.793Z,JUPyiwrYJFskUPiHa7hkeR8VUtAeFoSYbKedZNsDvCN,So11111111111111111111111111111111111111112,663069827,1999697081,0.000000,Step 3/3 in chain
2025-04-24T15:28:13.940Z,So11111111111111111111111111111111111111112,Es9vMFrzaCERmJfrF4H2FYD4KCoNkY11McCe8BenwNYB,2000000000,300276050,0.000000,Step 1/3 in chain
2025-04-24T15:28:14.101Z,Es9vMFrzaCERmJfrF4H2FYD4KCoNkY11McCe8BenwNYB,JUPyiwrYJFskUPiHa7hkeR8VUtAeFoSYbKedZNsDvCN,300276050,663067677,0.000000,Step 2/3 in chain
2025-04-24T15:28:14.264Z,JUPyiwrYJFskUPiHa7hkeR8VUtAeFoSYbKedZNsDvCN,So11111111111111111111111111111111111111112,663067677,1999690597,0.000000,Step 3/3 in chain
2025-04-24T15:28:14.414Z,So11111111111111111111111111111111111111112,EPjFWdd5AufqSSqeM2qN1xzybapC8G4wEGGkZwyTDt1v,2000000000,300344781,0.000000,Step 1/3 in chain
2025-04-24T15:28:14.579Z,EPjFWdd5AufqSSqeM2qN1xzybapC8G4wEGGkZwyTDt1v,mSoLzYCxHdYgdzU16g5QSh3i5K3z3KZK7ytfqcJm7So,300344781,1554493832,0.000000,Step 2/3 in chain
2025-04-24T15:28:14.731Z,mSoLzYCxHdYgdzU16g5QSh3i5K3z3KZK7ytfqcJm7So,So11111111111111111111111111111111111111112,1554493832,1999716052,0.000000,Step 3/3 in chain
2025-04-24T15:28:17.340Z,So11111111111111111111111111111111111111112,EPjFWdd5AufqSSqeM2qN1xzybapC8G4wEGGkZwyTDt1v,2000000000,300309271,0.000000,Step 1/3 in chain
2025-04-24T15:28:17.445Z,EPjFWdd5AufqSSqeM2qN1xzybapC8G4wEGGkZwyTDt1v,JUPyiwrYJFskUPiHa7hkeR8VUtAeFoSYbKedZNsDvCN,300309271,663173515,0.000000,Step 2/3 in chain
2025-04-24T15:28:17.542Z,JUPyiwrYJFskUPiHa7hkeR8VUtAeFoSYbKedZNsDvCN,So11111111111111111111111111111111111111112,663173515,1999533730,0.000000,Step 3/3 in chain
2025-04-24T15:28:17.639Z,So11111111111111111111111111111111111111112,Es9vMFrzaCERmJfrF4H2FYD4KCoNkY11McCe8BenwNYB,2000000000,300231079,0.000000,Step 1/3 in chain
2025-04-24T15:28:17.736Z,Es9vMFrzaCERmJfrF4H2FYD4KCoNkY11McCe8BenwNYB,JUPyiwrYJFskUPiHa7hkeR8VUtAeFoSYbKedZNsDvCN,300231079,663250000,0.000000,Step 2/3 in chain
2025-04-24T15:28:17.835Z,JUPyiwrYJFskUPiHa7hkeR8VUtAeFoSYbKedZNsDvCN,So11111111111111111111111111111111111111112,663250000,1999911418,0.000000,Step 3/3 in chain
2025-04-24T15:28:17.929Z,So11111111111111111111111111111111111111112,EPjFWdd5AufqSSqeM2qN1xzybapC8G4wEGGkZwyTDt1v,2000000000,300338662,0.000000,Step 1/3 in chain
2025-04-24T15:28:18.026Z,EPjFWdd5AufqSSqeM2qN1xzybapC8G4wEGGkZwyTDt1v,mSoLzYCxHdYgdzU16g5QSh3i5K3z3KZK7ytfqcJm7So,300338662,1554604520,0.000000,Step 2/3 in chain
2025-04-24T15:28:18.122Z,mSoLzYCxHdYgdzU16g5QSh3i5K3z3KZK7ytfqcJm7So,So11111111111111111111111111111111111111112,1554604520,2000151537,0.000000,Step 3/3 in chain
2025-04-24T15:28:21.805Z,So11111111111111111111111111111111111111112,EPjFWdd5AufqSSqeM2qN1xzybapC8G4wEGGkZwyTDt1v,2000000000,300224649,0.000000,Step 1/3 in chain
2025-04-24T15:28:21.889Z,EPjFWdd5AufqSSqeM2qN1xzybapC8G4wEGGkZwyTDt1v,JUPyiwrYJFskUPiHa7hkeR8VUtAeFoSYbKedZNsDvCN,300224649,663116982,0.000000,Step 2/3 in chain
2025-04-24T15:28:22.100Z,JUPyiwrYJFskUPiHa7hkeR8VUtAeFoSYbKedZNsDvCN,So11111111111111111111111111111111111111112,663116982,1999103002,0.000000,Step 3/3 in chain
2025-04-24T15:28:22.196Z,So11111111111111111111111111111111111111112,Es9vMFrzaCERmJfrF4H2FYD4KCoNkY11McCe8BenwNYB,2000000000,300147404,0.000000,Step 1/3 in chain
2025-04-24T15:28:22.285Z,Es9vMFrzaCERmJfrF4H2FYD4KCoNkY11McCe8BenwNYB,JUPyiwrYJFskUPiHa7hkeR8VUtAeFoSYbKedZNsDvCN,300147404,663140512,0.000000,Step 2/3 in chain
2025-04-24T15:28:22.372Z,JUPyiwrYJFskUPiHa7hkeR8VUtAeFoSYbKedZNsDvCN,So11111111111111111111111111111111111111112,663140512,1999193439,0.000000,Step 3/3 in chain
2025-04-24T15:28:22.453Z,So11111111111111111111111111111111111111112,EPjFWdd5AufqSSqeM2qN1xzybapC8G4wEGGkZwyTDt1v,2000000000,300224649,0.000000,Step 1/3 in chain
2025-04-24T15:28:22.549Z,EPjFWdd5AufqSSqeM2qN1xzybapC8G4wEGGkZwyTDt1v,mSoLzYCxHdYgdzU16g5QSh3i5K3z3KZK7ytfqcJm7So,300224649,1554429661,0.000000,Step 2/3 in chain
2025-04-24T15:28:22.645Z,mSoLzYCxHdYgdzU16g5QSh3i5K3z3KZK7ytfqcJm7So,So11111111111111111111111111111111111111112,1554429661,1999776025,0.000000,Step 3/3 in chain
2025-04-24T15:28:25.079Z,So11111111111111111111111111111111111111112,EPjFWdd5AufqSSqeM2qN1xzybapC8G4wEGGkZwyTDt1v,2000000000,300248178,0.000000,Step 1/3 in chain
2025-04-24T15:28:25.176Z,EPjFWdd5AufqSSqeM2qN1xzybapC8G4wEGGkZwyTDt1v,JUPyiwrYJFskUPiHa7hkeR8VUtAeFoSYbKedZNsDvCN,300248178,663140000,0.000000,Step 2/3 in chain
2025-04-24T15:28:25.270Z,JUPyiwrYJFskUPiHa7hkeR8VUtAeFoSYbKedZNsDvCN,So11111111111111111111111111111111111111112,663140000,1999149895,0.000000,Step 3/3 in chain
2025-04-24T15:28:25.362Z,So11111111111111111111111111111111111111112,Es9vMFrzaCERmJfrF4H2FYD4KCoNkY11McCe8BenwNYB,2000000000,300170939,0.000000,Step 1/3 in chain
2025-04-24T15:28:25.466Z,Es9vMFrzaCERmJfrF4H2FYD4KCoNkY11McCe8BenwNYB,JUPyiwrYJFskUPiHa7hkeR8VUtAeFoSYbKedZNsDvCN,300170939,663220000,0.000000,Step 2/3 in chain
2025-04-24T15:28:25.565Z,JUPyiwrYJFskUPiHa7hkeR8VUtAeFoSYbKedZNsDvCN,So11111111111111111111111111111111111111112,663220000,2001039877,0.000000,Step 3/3 in chain
2025-04-24T15:28:25.661Z,So11111111111111111111111111111111111111112,EPjFWdd5AufqSSqeM2qN1xzybapC8G4wEGGkZwyTDt1v,2000000000,300248178,0.000000,Step 1/3 in chain
2025-04-24T15:28:25.862Z,EPjFWdd5AufqSSqeM2qN1xzybapC8G4wEGGkZwyTDt1v,mSoLzYCxHdYgdzU16g5QSh3i5K3z3KZK7ytfqcJm7So,300248178,1554780299,0.000000,Step 2/3 in chain
2025-04-24T15:28:25.965Z,mSoLzYCxHdYgdzU16g5QSh3i5K3z3KZK7ytfqcJm7So,So11111111111111111111111111111111111111112,1554780299,2000056927,0.000000,Step 3/3 in chain
